{
  "nodes": {
    "+typescript#1": {
      "contentWidth": 510.96484375,
      "rfNode": {
        "position": {
          "x": 0,
          "y": 207.5
        }
      }
    },
    "llm-chat#5": {
      "rfNode": {
        "position": {
          "x": 799.1261761761094,
          "y": 439.37159072023786
        }
      },
      "sections": {
        "inputs": {
          "groupCollapsed": {
            "Connection": true
          }
        }
      }
    },
    "llm-chat#6": {
      "rfNode": {
        "position": {
          "x": 914.9998045328347,
          "y": 1255.0034655115303
        }
      },
      "sections": {
        "inputs": {
          "groupCollapsed": {
            "Connection": true
          }
        }
      }
    },
    "markdown_text_preview#3": {
      "contentWidth": 450,
      "rfNode": {
        "position": {
          "x": 1546.2593577007196,
          "y": 807.8163841221321
        }
      }
    },
    "markdown_text_preview#1": {
      "contentWidth": 450,
      "rfNode": {
        "position": {
          "x": 1546.2593577007196,
          "y": 1283.713695865367
        }
      }
    }
  }
}