{
  "nodes": {
    "+typescript#1": {
      "contentWidth": 510.96484375,
      "rfNode": {
        "position": {
          "x": 0,
          "y": 126.5
        }
      }
    },
    "LLM#1": {
      "rfNode": {
        "position": {
          "x": 1107.4704505686786,
          "y": 126.5
        }
      }
    },
    "LLM#2": {
      "rfNode": {
        "position": {
          "x": 604.3766404199475,
          "y": 244.5
        }
      }
    }
  }
}